{"properties":{"connectionReferences":{"shared_sharepointonline":{"runtimeSource":"embedded","connection":{},"api":{"name":"shared_sharepointonline"}},"shared_office365":{"runtimeSource":"embedded","connection":{},"api":{"name":"shared_office365"}}},"definition":{"$schema":"https://schema.management.azure.com/providers/Microsoft.Logic/schemas/2016-06-01/workflowdefinition.json#","contentVersion":"1.0.0.0","parameters":{"$connections":{"defaultValue":{},"type":"Object"},"$authentication":{"defaultValue":{},"type":"SecureObject"}},"triggers":{"When_a_file_is_created_in_a_folder":{"recurrence":{"interval":1,"frequency":"Minute"},"metadata":{"%252fShared%2bDocuments%252fDocuments":"/Shared Documents/Documents"},"type":"OpenApiConnection","inputs":{"host":{"connectionName":"shared_sharepointonline","operationId":"OnNewFile","apiId":"/providers/Microsoft.PowerApps/apis/shared_sharepointonline"},"parameters":{"dataset":"https://msd365demo1.sharepoint.com/sites/AccountsPayable","folderId":"%252fShared%2bDocuments%252fDocuments","inferContentType":true},"authentication":"@parameters('$authentication')"}}},"actions":{"Get_file_properties":{"runAfter":{"Get_file_metadata":["Succeeded"]},"type":"OpenApiConnection","inputs":{"host":{"connectionName":"shared_sharepointonline","operationId":"GetFileItem","apiId":"/providers/Microsoft.PowerApps/apis/shared_sharepointonline"},"parameters":{"dataset":"https://msd365demo1.sharepoint.com/sites/AccountsPayable","table":"c9ea8b23-3c28-434e-94f9-6b1e8c4cd887","id":"@outputs('Get_file_metadata')?['body/ItemId']"},"authentication":"@parameters('$authentication')"}},"Get_file_metadata":{"runAfter":{},"type":"OpenApiConnection","inputs":{"host":{"connectionName":"shared_sharepointonline","operationId":"GetFileMetadata","apiId":"/providers/Microsoft.PowerApps/apis/shared_sharepointonline"},"parameters":{"dataset":"https://msd365demo1.sharepoint.com/sites/AccountsPayable","id":"@triggerOutputs()?['headers/x-ms-file-id']"},"authentication":"@parameters('$authentication')"}},"Condition":{"actions":{"Send_email_with_options":{"runAfter":{},"type":"OpenApiConnectionWebhook","inputs":{"host":{"connectionName":"shared_office365","operationId":"SendMailWithOptions","apiId":"/providers/Microsoft.PowerApps/apis/shared_office365"},"parameters":{"optionsEmailSubscription/Message/To":"mufife@MSD365demo1.onmicrosoft.com","optionsEmailSubscription/Message/Subject":"Invoice has been received that requires approval","optionsEmailSubscription/Message/Options":"Approve, Reject","optionsEmailSubscription/Message/Importance":"Normal","optionsEmailSubscription/Message/HideHTMLMessage":false},"authentication":"@parameters('$authentication')"}}},"runAfter":{"Get_file_properties":["Succeeded"]},"else":{"actions":{"Send_email_with_options_2":{"runAfter":{},"type":"OpenApiConnectionWebhook","inputs":{"host":{"connectionName":"shared_office365","operationId":"SendMailWithOptions","apiId":"/providers/Microsoft.PowerApps/apis/shared_office365"},"parameters":{"optionsEmailSubscription/Message/To":"mufife@MSD365demo1.onmicrosoft.com","optionsEmailSubscription/Message/Subject":"Approval Required","optionsEmailSubscription/Message/Options":"Approve, Decline","optionsEmailSubscription/Message/Importance":"Normal","optionsEmailSubscription/Message/HideHTMLMessage":false},"authentication":"@parameters('$authentication')"}}}},"expression":{"greater":["@outputs('Get_file_properties')?['body/TotalAmount']",500]},"type":"If"},"Condition_2":{"actions":{"Send_email_with_options_3":{"runAfter":{},"type":"OpenApiConnectionWebhook","inputs":{"host":{"connectionName":"shared_office365","operationId":"SendMailWithOptions","apiId":"/providers/Microsoft.PowerApps/apis/shared_office365"},"parameters":{"optionsEmailSubscription/Message/To":"mufife@MSD365demo1.onmicrosoft.com","optionsEmailSubscription/Message/Subject":"Your input is required","optionsEmailSubscription/Message/Options":"Approve, Reject, Review","optionsEmailSubscription/Message/Importance":"Normal","optionsEmailSubscription/Message/HideHTMLMessage":false},"authentication":"@parameters('$authentication')"}}},"runAfter":{"Condition":["Succeeded"]},"expression":{"greater":["@outputs('Get_file_properties')?['body/TotalAmount']",10000]},"type":"If"},"Update_file_properties":{"runAfter":{"Condition_2":["Succeeded"]},"type":"OpenApiConnection","inputs":{"host":{"connectionName":"shared_sharepointonline","operationId":"PatchFileItem","apiId":"/providers/Microsoft.PowerApps/apis/shared_sharepointonline"},"parameters":{"dataset":"https://msd365demo1.sharepoint.com/sites/AccountsPayable","table":"c9ea8b23-3c28-434e-94f9-6b1e8c4cd887","id":"@outputs('Get_file_properties')?['body/ID']","item/Status/Value":"Approved"},"authentication":"@parameters('$authentication')"}}},"outputs":{}}},"schemaVersion":"1.0.0.0"}