{"properties":{"connectionReferences":{"shared_sharepointonline":{"runtimeSource":"embedded","connection":{},"api":{"name":"shared_sharepointonline"}},"shared_commondataservice":{"runtimeSource":"embedded","connection":{},"api":{"name":"shared_commondataservice"}},"shared_office365_1":{"runtimeSource":"embedded","connection":{},"api":{"name":"shared_office365"}},"shared_deep-20links-5ff399534c9891d041-5fd9fa7c900e033707":{"runtimeSource":"embedded","connection":{},"api":{"name":"shared_deep-20links-5ff399534c9891d041-5fd9fa7c900e033707"}},"shared_teams_1":{"runtimeSource":"embedded","connection":{},"api":{"name":"shared_teams"}},"shared_dynamicsax_1":{"runtimeSource":"embedded","connection":{},"api":{"name":"shared_dynamicsax"}},"shared_office365":{"runtimeSource":"embedded","connection":{},"api":{"name":"shared_office365"}},"shared_commondataserviceforapps_1":{"runtimeSource":"embedded","connection":{},"api":{"name":"shared_commondataserviceforapps"}}},"definition":{"$schema":"https://schema.management.azure.com/providers/Microsoft.Logic/schemas/2016-06-01/workflowdefinition.json#","contentVersion":"1.0.0.0","parameters":{"$connections":{"defaultValue":{},"type":"Object"},"$authentication":{"defaultValue":{},"type":"SecureObject"}},"triggers":{"When_a_new_email_arrives_in_a_shared_mailbox_(V2)":{"recurrence":{"interval":1,"frequency":"Minute"},"splitOn":"@triggerBody()?['value']","metadata":{"flowSystemMetadata":{"swaggerOperationId":"SharedMailboxOnNewEmailV2"}},"type":"ApiConnection","inputs":{"host":{"connection":{"name":"@parameters('$connections')['shared_office365']['connectionId']"}},"method":"get","path":"/v2/SharedMailbox/Mail/OnNewEmail","queries":{"mailboxAddress":"vendorinvoices@MSD365demo1.onmicrosoft.com;","folderId":"Inbox","importance":"Any","hasAttachments":true,"includeAttachments":true},"authentication":"@parameters('$authentication')"}}},"actions":{"Apply_to_each":{"foreach":"@triggerBody()?['attachments']","actions":{"Convert_time_zone":{"runAfter":{"Upload_Invoice_Attachment":["Succeeded"]},"type":"Expression","kind":"ConvertTimeZone","inputs":{"baseTime":"@{utcNow()}","formatString":"D","sourceTimeZone":"UTC","destinationTimeZone":"AUS Eastern Standard Time"}},"Update_file_properties":{"runAfter":{"Process_the_Form":["Succeeded"]},"metadata":{"flowSystemMetadata":{"swaggerOperationId":"PatchFileItem"}},"type":"ApiConnection","inputs":{"host":{"connection":{"name":"@parameters('$connections')['shared_sharepointonline']['connectionId']"}},"method":"patch","body":{"VendorNumber":"CRONUS","InvoiceNumber":"@{outputs('Invoice')}","TotalAmount":"@float(outputs('Total_Number'))"},"path":"/datasets/@{encodeURIComponent(encodeURIComponent('https://msd365demo1.sharepoint.com/sites/AccountsPayable'))}/tables/@{encodeURIComponent(encodeURIComponent('c9ea8b23-3c28-434e-94f9-6b1e8c4cd887'))}/items/@{encodeURIComponent(body('Create_file')?['ItemId'])}/patchfileitem","authentication":"@parameters('$authentication')"}},"Create_file":{"runAfter":{},"metadata":{"flowSystemMetadata":{"swaggerOperationId":"CreateFile"}},"type":"ApiConnection","inputs":{"host":{"connection":{"name":"@parameters('$connections')['shared_sharepointonline']['connectionId']"}},"method":"post","body":"@base64ToBinary(items('Apply_to_each')?['contentBytes'])","path":"/datasets/@{encodeURIComponent(encodeURIComponent('https://msd365demo1.sharepoint.com/sites/AccountsPayable'))}/files","queries":{"folderPath":"/Shared Documents/Documents","name":"@items('Apply_to_each')?['name']","queryParametersSingleEncoded":true},"authentication":"@parameters('$authentication')"},"runtimeConfiguration":{"contentTransfer":{"transferMode":"Chunked"}}},"Update_file_properties_2":{"runAfter":{"Create_file":["Succeeded"]},"metadata":{"flowSystemMetadata":{"swaggerOperationId":"PatchFileItem"}},"type":"ApiConnection","inputs":{"host":{"connection":{"name":"@parameters('$connections')['shared_sharepointonline']['connectionId']"}},"method":"patch","body":{"VendorNumber":"@variables('Vendor Account')","Status":{"Value":"Received"}},"path":"/datasets/@{encodeURIComponent(encodeURIComponent('https://msd365demo1.sharepoint.com/sites/AccountsPayable'))}/tables/@{encodeURIComponent(encodeURIComponent('c9ea8b23-3c28-434e-94f9-6b1e8c4cd887'))}/items/@{encodeURIComponent(body('Create_file')?['ItemId'])}/patchfileitem","authentication":"@parameters('$authentication')"}},"Process_the_Form":{"actions":{"Base64":{"runAfter":{},"type":"Compose","inputs":"@string(items('Apply_to_each')['ContentBytes'])","description":"Get Base64 string of the attachment"},"PDF_File":{"runAfter":{"Base64":["Succeeded"]},"type":"Compose","inputs":"@outputs('Base64')"},"List_records":{"runAfter":{"PDF_File":["Succeeded"]},"metadata":{"flowSystemMetadata":{"swaggerOperationId":"GetItems_V2"}},"type":"ApiConnection","inputs":{"host":{"connection":{"name":"@parameters('$connections')['shared_commondataservice']['connectionId']"}},"method":"get","path":"/v2/datasets/@{encodeURIComponent(encodeURIComponent('org49ad526c.crm'))}/tables/@{encodeURIComponent(encodeURIComponent('msdyn_aimodels'))}/items","queries":{"$filter":"msdyn_name eq '@{variables('Forms Model')}'"},"authentication":"@parameters('$authentication')"}},"Compose_2":{"runAfter":{"List_records":["Succeeded"]},"type":"Compose","inputs":"@first(body('List_records')?['value'])"},"Parse_JSON_5":{"runAfter":{"Compose_2":["Succeeded"]},"type":"ParseJson","inputs":{"content":"@outputs('Compose_2')","schema":{"type":"object","properties":{"@@odata.id":{"type":"string"},"@@odata.etag":{"type":"string"},"ItemInternalId":{"type":"string"},"_msdyn_activerunconfigurationid_value":{"type":"string"},"statecode":{"type":"integer"},"_statecode_label":{"type":"string"},"_msdyn_templateid_value":{"type":"string"},"_msdyn_templateid_type":{"type":"string"},"statuscode":{"type":"integer"},"_statuscode_label":{"type":"string"},"createdon":{"type":"string"},"_ownerid_value":{"type":"string"},"_ownerid_type":{"type":"string"},"modifiedon":{"type":"string"},"msdyn_sharewithorganizationoncreate":{"type":"boolean"},"msdyn_aimodelidunique":{"type":"string"},"solutionid":{"type":"string"},"ismanaged":{"type":"boolean"},"versionnumber":{"type":"integer"},"msdyn_name":{"type":"string"},"introducedversion":{"type":"string"},"_modifiedby_value":{"type":"string"},"_modifiedby_type":{"type":"string"},"overwritetime":{"type":"string"},"componentstate":{"type":"integer"},"_componentstate_label":{"type":"string"},"_createdby_value":{"type":"string"},"_createdby_type":{"type":"string"},"_owningbusinessunit_value":{"type":"string"},"_owningbusinessunit_type":{"type":"string"},"msdyn_aimodelid":{"type":"string"},"msdyn_modelcreationcontext":{},"_owningteam_value":{},"utcconversiontimezonecode":{},"_modifiedonbehalfby_value":{},"overriddencreatedon":{},"_createdonbehalfby_value":{},"importsequencenumber":{},"timezoneruleversionnumber":{},"_msdyn_retrainworkflowid_value":{},"iscustomizable":{"type":"boolean"}}}}},"Predict":{"runAfter":{"Parse_JSON_5":["Succeeded"]},"type":"OpenApiConnection","inputs":{"host":{"connectionName":"shared_commondataserviceforapps_1","operationId":"Predict","apiId":"/providers/Microsoft.PowerApps/apis/shared_commondataserviceforapps"},"parameters":{"modelId":"@body('Parse_JSON_5')?['msdyn_aimodelid']","item/request":"{ \"base64Encoded\": \"@{outputs('Base64')}\", \"mimeType\": \"@{items('Apply_to_each')?['ContentType']}\"}"},"authentication":"@parameters('$authentication')"}},"Response":{"runAfter":{"Predict":["Succeeded"]},"type":"Compose","inputs":"@outputs('Predict')?['body/response']"},"Parse_JSON":{"runAfter":{"Response":["Succeeded"]},"type":"ParseJson","inputs":{"content":"@outputs('Response')","schema":{"type":"object","properties":{"predictionOutput":{"type":"object","properties":{"labels":{"type":"object","properties":{"Subtotal":{"type":"object","properties":{"displayName":{"type":"string"},"value":{"type":"string"},"valueLocation":{"type":"object","properties":{"pageNumber":{"type":"integer"},"boundingBox":{"type":"object","properties":{"left":{"type":"number"},"top":{"type":"number"},"width":{"type":"number"},"height":{"type":"number"},"polygon":{"type":"object","properties":{"coordinates":{"type":"array","items":{"type":"object","properties":{"x":{"type":"number"},"y":{"type":"number"}},"required":["x","y"]}}}}}}}},"confidence":{"type":"number"}}},"Invoice Number":{"type":"object","properties":{"displayName":{"type":"string"},"value":{"type":"string"},"valueLocation":{"type":"object","properties":{"pageNumber":{"type":"integer"},"boundingBox":{"type":"object","properties":{"left":{"type":"number"},"top":{"type":"number"},"width":{"type":"number"},"height":{"type":"number"},"polygon":{"type":"object","properties":{"coordinates":{"type":"array","items":{"type":"object","properties":{"x":{"type":"number"},"y":{"type":"number"}},"required":["x","y"]}}}}}}}},"confidence":{"type":"number"}}},"Invoice Date":{"type":"object","properties":{"displayName":{"type":"string"},"value":{"type":"string"},"valueLocation":{"type":"object","properties":{"pageNumber":{"type":"integer"},"boundingBox":{"type":"object","properties":{"left":{"type":"number"},"top":{"type":"number"},"width":{"type":"number"},"height":{"type":"number"},"polygon":{"type":"object","properties":{"coordinates":{"type":"array","items":{"type":"object","properties":{"x":{"type":"number"},"y":{"type":"number"}},"required":["x","y"]}}}}}}}},"confidence":{"type":"number"}}},"Total":{"type":"object","properties":{"displayName":{"type":"string"},"value":{"type":"string"},"valueLocation":{"type":"object","properties":{"pageNumber":{"type":"integer"},"boundingBox":{"type":"object","properties":{"left":{"type":"number"},"top":{"type":"number"},"width":{"type":"number"},"height":{"type":"number"},"polygon":{"type":"object","properties":{"coordinates":{"type":"array","items":{"type":"object","properties":{"x":{"type":"number"},"y":{"type":"number"}},"required":["x","y"]}}}}}}}},"confidence":{"type":"number"}}},"Phone No.":{"type":"object","properties":{"displayName":{"type":"string"},"value":{"type":"string"},"valueLocation":{"type":"object","properties":{"pageNumber":{"type":"integer"},"boundingBox":{"type":"object","properties":{"left":{"type":"number"},"top":{"type":"number"},"width":{"type":"number"},"height":{"type":"number"},"polygon":{"type":"object","properties":{"coordinates":{"type":"array","items":{"type":"object","properties":{"x":{"type":"number"},"y":{"type":"number"}},"required":["x","y"]}}}}}}}},"confidence":{"type":"number"}}},"Due Date":{"type":"object","properties":{"displayName":{"type":"string"},"value":{"type":"string"},"valueLocation":{"type":"object","properties":{"pageNumber":{"type":"integer"},"boundingBox":{"type":"object","properties":{"left":{"type":"number"},"top":{"type":"number"},"width":{"type":"number"},"height":{"type":"number"},"polygon":{"type":"object","properties":{"coordinates":{"type":"array","items":{"type":"object","properties":{"x":{"type":"number"},"y":{"type":"number"}},"required":["x","y"]}}}}}}}},"confidence":{"type":"number"}}},"Payment Method":{"type":"object","properties":{"displayName":{"type":"string"},"value":{"type":"string"},"valueLocation":{"type":"object","properties":{"pageNumber":{"type":"integer"},"boundingBox":{"type":"object","properties":{"left":{"type":"number"},"top":{"type":"number"},"width":{"type":"number"},"height":{"type":"number"},"polygon":{"type":"object","properties":{"coordinates":{"type":"array","items":{"type":"object","properties":{"x":{"type":"number"},"y":{"type":"number"}},"required":["x","y"]}}}}}}}},"confidence":{"type":"number"}}},"Amount Subject to Sales Tax":{"type":"object","properties":{"displayName":{"type":"string"},"value":{"type":"string"},"valueLocation":{"type":"object","properties":{"pageNumber":{"type":"integer"},"boundingBox":{"type":"object","properties":{"left":{"type":"number"},"top":{"type":"number"},"width":{"type":"number"},"height":{"type":"number"},"polygon":{"type":"object","properties":{"coordinates":{"type":"array","items":{"type":"object","properties":{"x":{"type":"number"},"y":{"type":"number"}},"required":["x","y"]}}}}}}}},"confidence":{"type":"number"}}},"Vendor Name":{"type":"object","properties":{"displayName":{"type":"string"},"value":{"type":"string"},"valueLocation":{"type":"object","properties":{"pageNumber":{"type":"integer"},"boundingBox":{"type":"object","properties":{"left":{"type":"number"},"top":{"type":"number"},"width":{"type":"number"},"height":{"type":"number"},"polygon":{"type":"object","properties":{"coordinates":{"type":"array","items":{"type":"object","properties":{"x":{"type":"number"},"y":{"type":"number"}},"required":["x","y"]}}}}}}}},"confidence":{"type":"number"}}},"Amount Exempt from Sales Tax":{"type":"object","properties":{"displayName":{"type":"string"},"value":{"type":"string"},"valueLocation":{"type":"object","properties":{"pageNumber":{"type":"integer"},"boundingBox":{"type":"object","properties":{"left":{"type":"number"},"top":{"type":"number"},"width":{"type":"number"},"height":{"type":"number"},"polygon":{"type":"object","properties":{"coordinates":{"type":"array","items":{"type":"object","properties":{"x":{"type":"number"},"y":{"type":"number"}},"required":["x","y"]}}}}}}}},"confidence":{"type":"number"}}}}},"tables":{"type":"object","properties":{"table_0":{"type":"object","properties":{"displayName":{"type":"string"},"columns":{"type":"array","items":{"type":"object","properties":{"name":{"type":"string"},"location":{"type":"object","properties":{"pageNumber":{"type":"integer"},"boundingBox":{"type":"object","properties":{"left":{"type":"number"},"top":{"type":"number"},"width":{"type":"number"},"height":{"type":"number"},"polygon":{"type":"object","properties":{"coordinates":{"type":"array","items":{"type":"object","properties":{"x":{"type":"number"},"y":{"type":"number"}},"required":["x","y"]}}}}}}}}},"required":["name","location"]}},"entries":{"type":"array","items":{"type":"object","properties":{"No.":{"type":"object","properties":{"value":{"type":"string"},"location":{"type":"object","properties":{"pageNumber":{"type":"integer"},"boundingBox":{"type":"object","properties":{"left":{"type":"number"},"top":{"type":"number"},"width":{"type":"number"},"height":{"type":"number"},"polygon":{"type":"object","properties":{"coordinates":{"type":"array","items":{"type":"object","properties":{"x":{"type":"number"},"y":{"type":"number"}},"required":["x","y"]}}}}}}}},"confidence":{"type":"integer"}}},"Description":{"type":"object","properties":{"value":{"type":"string"},"location":{"type":"object","properties":{"pageNumber":{"type":"integer"},"boundingBox":{"type":"object","properties":{"left":{"type":"number"},"top":{"type":"number"},"width":{"type":"number"},"height":{"type":"number"},"polygon":{"type":"object","properties":{"coordinates":{"type":"array","items":{"type":"object","properties":{"x":{"type":"number"},"y":{"type":"number"}},"required":["x","y"]}}}}}}}},"confidence":{"type":"integer"}}},"Shipment Date":{"type":"object","properties":{"value":{"type":"string"},"location":{"type":"object","properties":{"pageNumber":{"type":"integer"},"boundingBox":{"type":"object","properties":{"left":{"type":"number"},"top":{"type":"number"},"width":{"type":"number"},"height":{"type":"number"},"polygon":{"type":"object","properties":{"coordinates":{"type":"array","items":{"type":"object","properties":{"x":{"type":"number"},"y":{"type":"number"}},"required":["x","y"]}}}}}}}},"confidence":{"type":"integer"}}},"Unit Price":{"type":"object","properties":{"value":{"type":"string"},"location":{"type":"object","properties":{"pageNumber":{"type":"integer"},"boundingBox":{"type":"object","properties":{"left":{"type":"number"},"top":{"type":"number"},"width":{"type":"number"},"height":{"type":"number"},"polygon":{"type":"object","properties":{"coordinates":{"type":"array","items":{"type":"object","properties":{"x":{"type":"number"},"y":{"type":"number"}},"required":["x","y"]}}}}}}}},"confidence":{"type":"integer"}}},"Line Amount":{"type":"object","properties":{"value":{"type":"string"},"location":{"type":"object","properties":{"pageNumber":{"type":"integer"},"boundingBox":{"type":"object","properties":{"left":{"type":"number"},"top":{"type":"number"},"width":{"type":"number"},"height":{"type":"number"},"polygon":{"type":"object","properties":{"coordinates":{"type":"array","items":{"type":"object","properties":{"x":{"type":"number"},"y":{"type":"number"}},"required":["x","y"]}}}}}}}},"confidence":{"type":"integer"}}},"Quantity":{"type":"object","properties":{"location":{"type":"object","properties":{"pageNumber":{"type":"integer"}}},"confidence":{"type":"integer"}}},"Unit":{"type":"object","properties":{"location":{"type":"object","properties":{"pageNumber":{"type":"integer"}}},"confidence":{"type":"integer"}}}},"required":["Quantity","Unit"]}}}}}},"pageCount":{"type":"integer"},"readResults":{"type":"array"}}},"operationStatus":{"type":"string"},"error":{}}}}},"Parse_JSON_4":{"runAfter":{"Parse_JSON":["Succeeded"]},"type":"ParseJson","inputs":{"content":"@body('Parse_JSON')?['predictionOutput']?['labels']?['Invoice Number']","schema":{"type":"object","properties":{"value":{"type":"string"},"location":{"type":"object","properties":{"pageNumber":{"type":"integer"},"boundingBox":{"type":"object","properties":{"left":{"type":"number"},"top":{"type":"number"},"width":{"type":"number"},"height":{"type":"number"},"polygon":{"type":"object","properties":{"coordinates":{"type":"array","items":{"type":"object","properties":{"x":{"type":"number"},"y":{"type":"number"}},"required":["x","y"]}}}}}}}},"confidence":{"type":["integer","number"]}}}}},"Invoice":{"runAfter":{"Parse_JSON_4":["Succeeded"]},"type":"Compose","inputs":"@replace(body('Parse_JSON_4')?['value'],'PS-INV','')","description":"body('Parse_JSON')?['predictionOutput']?['labels']?['INVOICE']?['value']"},"Invoice_Date":{"runAfter":{"Invoice":["Succeeded"]},"type":"Compose","inputs":"@body('Parse_JSON')?['predictionOutput']?['labels']?['Invoice Date']?['value']","description":"body('Parse_JSON')?['predictionOutput']?['labels']?['Date']?['value']"},"Total":{"runAfter":{"Invoice_Date":["Succeeded"]},"type":"Compose","inputs":"@\r\nbody('Parse_JSON')?['predictionOutput']?['labels']?['Total']?['value']","description":"body('Parse_JSON')?['predictionOutput']?['labels']?['Total']?['value']"},"Compose_5":{"runAfter":{"Total":["Succeeded"]},"type":"Compose","inputs":"@sub(length(outputs('Total')),1)"},"Total_Number":{"runAfter":{"Compose_5":["Succeeded"]},"type":"Compose","inputs":"@substring(outputs('Total'),1,sub(length(outputs('Total')),1))"},"Invoice_DueDate":{"runAfter":{"Total_Number":["Succeeded"]},"type":"Compose","inputs":"@body('Parse_JSON')?['predictionOutput']?['labels']?['Due Date']?['value']","description":"body('Parse_JSON')?['predictionOutput']?['labels']?['Due on receipt']?['value']"}},"runAfter":{"Update_file_properties_2":["Succeeded"]},"type":"Scope"},"Create_Invoice_Record":{"actions":{"Invoice_Header":{"runAfter":{},"type":"OpenApiConnection","inputs":{"host":{"connectionName":"shared_dynamicsax_1","operationId":"PostItem","apiId":"/providers/Microsoft.PowerApps/apis/shared_dynamicsax"},"parameters":{"dataset":"mufifed365msdemo1470e6a7a3ffef9b1aos.cloudax.dynamics.com","table":"VendorInvoiceHeaders","item/HeaderReference":"@outputs('Invoice')","item/InvoiceNumber":"@outputs('Invoice')","item/InvoiceAccount":"CRONUS","item/Currency":"USD","item/dataAreaId":"usmf","item/GSTInvoiceType":"Invoice"},"authentication":"@parameters('$authentication')"}},"Table":{"runAfter":{"Invoice_Header":["Succeeded"]},"type":"Compose","inputs":"@body('Parse_JSON')?['predictionOutput']?['tables']?['table_0']"},"Parse_JSON_3":{"runAfter":{"Table":["Succeeded"]},"type":"ParseJson","inputs":{"content":"@body('Parse_JSON')?['predictionOutput']?['tables']?['table_0']","schema":{"type":"object","properties":{"displayName":{"type":"string"},"columns":{"type":"array","items":{"type":"object","properties":{"name":{"type":"string"},"location":{"type":"object","properties":{"pageNumber":{"type":"integer"},"boundingBox":{"type":"object","properties":{"left":{"type":"number"},"top":{"type":"number"},"width":{"type":"number"},"height":{"type":"number"},"polygon":{"type":"object","properties":{"coordinates":{"type":"array","items":{"type":"object","properties":{"x":{"type":"number"},"y":{"type":"number"}},"required":["x","y"]}}}}}}}}},"required":["name","location"]}},"entries":{"type":"array","items":{"type":"object","properties":{"No.":{"type":"object","properties":{"value":{"type":"string"},"location":{"type":"object","properties":{"pageNumber":{"type":"integer"},"boundingBox":{"type":"object","properties":{"left":{"type":"number"},"top":{"type":"number"},"width":{"type":"number"},"height":{"type":"number"},"polygon":{"type":"object","properties":{"coordinates":{"type":"array","items":{"type":"object","properties":{"x":{"type":"number"},"y":{"type":"number"}},"required":["x","y"]}}}}}}}},"confidence":{"type":"integer"}}},"Description":{"type":"object","properties":{"value":{"type":"string"},"location":{"type":"object","properties":{"pageNumber":{"type":"integer"},"boundingBox":{"type":"object","properties":{"left":{"type":"number"},"top":{"type":"number"},"width":{"type":"number"},"height":{"type":"number"},"polygon":{"type":"object","properties":{"coordinates":{"type":"array","items":{"type":"object","properties":{"x":{"type":"number"},"y":{"type":"number"}},"required":["x","y"]}}}}}}}},"confidence":{"type":"integer"}}},"Shipment Date":{"type":"object","properties":{"value":{"type":"string"},"location":{"type":"object","properties":{"pageNumber":{"type":"integer"},"boundingBox":{"type":"object","properties":{"left":{"type":"number"},"top":{"type":"number"},"width":{"type":"number"},"height":{"type":"number"},"polygon":{"type":"object","properties":{"coordinates":{"type":"array","items":{"type":"object","properties":{"x":{"type":"number"},"y":{"type":"number"}},"required":["x","y"]}}}}}}}},"confidence":{"type":"integer"}}},"Unit Price":{"type":"object","properties":{"value":{"type":"string"},"location":{"type":"object","properties":{"pageNumber":{"type":"integer"},"boundingBox":{"type":"object","properties":{"left":{"type":"number"},"top":{"type":"number"},"width":{"type":"number"},"height":{"type":"number"},"polygon":{"type":"object","properties":{"coordinates":{"type":"array","items":{"type":"object","properties":{"x":{"type":"number"},"y":{"type":"number"}},"required":["x","y"]}}}}}}}},"confidence":{"type":"integer"}}},"Line Amount":{"type":"object","properties":{"value":{"type":"string"},"location":{"type":"object","properties":{"pageNumber":{"type":"integer"},"boundingBox":{"type":"object","properties":{"left":{"type":"number"},"top":{"type":"number"},"width":{"type":"number"},"height":{"type":"number"},"polygon":{"type":"object","properties":{"coordinates":{"type":"array","items":{"type":"object","properties":{"x":{"type":"number"},"y":{"type":"number"}},"required":["x","y"]}}}}}}}},"confidence":{"type":"integer"}}},"Quantity":{"type":"object","properties":{"location":{"type":"object","properties":{"pageNumber":{"type":"integer"}}},"confidence":{"type":"integer"}}},"Unit":{"type":"object","properties":{"location":{"type":"object","properties":{"pageNumber":{"type":"integer"}}},"confidence":{"type":"integer"}}}},"required":["Quantity","Unit"]}}}}}},"Apply_to_each_3":{"foreach":"@body('Parse_JSON_3')?['entries']","actions":{"Compose":{"runAfter":{},"type":"Compose","inputs":"@items('Apply_to_each_3')?['Quantity']"},"Line_Amount":{"runAfter":{"Parse_Line_Amount":["Succeeded"]},"type":"Compose","inputs":"@body('Parse_Line_Amount')?['value']","description":"float(replace(items('Line_Items')?['Line Total']?['value'], '$', '))"},"Item_Code":{"runAfter":{"Parse_Item_Code":["Succeeded"]},"type":"Compose","inputs":"@body('Parse_Item_Code')?['value']","description":"items('Line_Items')?['Code']?['value']"},"Unit":{"runAfter":{"Parse_Unit_Price":["Succeeded"]},"type":"Compose","inputs":"@body('Parse_Unit_Price')?['value']","description":"float(replace(items('Line_Items')?['Unit Price']?['value'],'$','))"},"Quantity":{"runAfter":{"Parse_Quantity":["Succeeded"]},"type":"Compose","inputs":"@body('Parse_Quantity')?['value']","description":"int(items('Line_Items')?['Qty']?['value'])"},"Create_record":{"runAfter":{"Quantity":["Succeeded"]},"type":"OpenApiConnection","inputs":{"host":{"connectionName":"shared_dynamicsax_1","operationId":"PostItem","apiId":"/providers/Microsoft.PowerApps/apis/shared_dynamicsax"},"parameters":{"dataset":"mufifed365msdemo1470e6a7a3ffef9b1aos.cloudax.dynamics.com","table":"VendorInvoiceLines","item/HeaderReference":"@outputs('Invoice')","item/dataAreaId":"usmf","item/PriceUnit":1,"item/UnitPrice":1,"item/ItemNumber":"@outputs('Item_Code')","item/Ordering":"None","item/ReleaseAllRetainedAmount":"Yes","item/Unit":"ea","item/LineType":"Standard","item/ReceiveNow":"@outputs('Quantity')","item/Currency":"USD"},"authentication":"@parameters('$authentication')"}},"Parse_Line_Amount":{"runAfter":{"Compose":["Succeeded"]},"type":"ParseJson","inputs":{"content":"@items('Apply_to_each_3')?['Line Amount']","schema":{"type":"object","properties":{"value":{"type":"string"},"location":{"type":"object","properties":{"pageNumber":{"type":"integer"},"boundingBox":{"type":"object","properties":{"left":{"type":"number"},"top":{"type":"number"},"width":{"type":"number"},"height":{"type":"number"},"polygon":{"type":"object","properties":{"coordinates":{"type":"array","items":{"type":"object","properties":{"x":{"type":"number"},"y":{"type":"number"}},"required":["x","y"]}}}}}}}},"confidence":{"type":"integer"}}}}},"Parse_Item_Code":{"runAfter":{"Line_Amount":["Succeeded"]},"type":"ParseJson","inputs":{"content":"@items('Apply_to_each_3')?['No.']","schema":{"type":"object","properties":{"value":{"type":"string"},"location":{"type":"object","properties":{"pageNumber":{"type":"integer"},"boundingBox":{"type":"object","properties":{"left":{"type":"number"},"top":{"type":"number"},"width":{"type":"number"},"height":{"type":"number"},"polygon":{"type":"object","properties":{"coordinates":{"type":"array","items":{"type":"object","properties":{"x":{"type":"number"},"y":{"type":"number"}},"required":["x","y"]}}}}}}}},"confidence":{"type":"integer"}}}}},"Parse_Unit_Price":{"runAfter":{"Item_Code":["Succeeded"]},"type":"ParseJson","inputs":{"content":"@items('Apply_to_each_3')?['Unit Price']","schema":{"type":"object","properties":{"value":{"type":"string"},"location":{"type":"object","properties":{"pageNumber":{"type":"integer"},"boundingBox":{"type":"object","properties":{"left":{"type":"number"},"top":{"type":"number"},"width":{"type":"number"},"height":{"type":"number"},"polygon":{"type":"object","properties":{"coordinates":{"type":"array","items":{"type":"object","properties":{"x":{"type":"number"},"y":{"type":"number"}},"required":["x","y"]}}}}}}}},"confidence":{"type":"integer"}}}}},"Parse_Quantity":{"runAfter":{"Unit":["Succeeded"]},"type":"ParseJson","inputs":{"content":"@items('Apply_to_each_3')?['Quantity']","schema":{"type":"object","properties":{"value":{"type":"string"},"location":{"type":"object","properties":{"pageNumber":{"type":"integer"},"boundingBox":{"type":"object","properties":{"left":{"type":"number"},"top":{"type":"number"},"width":{"type":"number"},"height":{"type":"number"},"polygon":{"type":"object","properties":{"coordinates":{"type":"array","items":{"type":"object","properties":{"x":{"type":"number"},"y":{"type":"number"}},"required":["x","y"]}}}}}}}},"confidence":{"type":"integer"}}}}}},"runAfter":{"Parse_JSON_3":["Succeeded"]},"type":"Foreach"}},"runAfter":{"Update_file_properties":["Succeeded"]},"type":"Scope"},"Upload_Invoice_Attachment":{"actions":{"Get_Zip_Package":{"runAfter":{},"type":"Http","inputs":{"method":"POST","uri":"https://mufifeapinvoiceautomation.azurewebsites.net/api/processpackage?invoice=@{outputs('Invoice')}","body":"@base64ToBinary(outputs('Base64'))"}},"Send_an_email_(V2)":{"runAfter":{"Get_Zip_Package":["Succeeded"]},"metadata":{"flowSystemMetadata":{"swaggerOperationId":"SendEmailV2"}},"type":"ApiConnection","inputs":{"host":{"connection":{"name":"@parameters('$connections')['shared_office365_1']['connectionId']"}},"method":"post","body":{"To":"@triggerBody()?['from']","Subject":"An Invoice has been received and is being processed","Body":"<p><br></p>","Attachments":[{"Name":"package.zip","ContentBytes":"@{base64(body('Get_Zip_Package'))}"}]},"path":"/v2/Mail","authentication":"@parameters('$authentication')"}},"FinOps_Host":{"runAfter":{"Send_an_email_(V2)":["Succeeded"]},"type":"Compose","inputs":"mufifed365msdemo1470e6a7a3ffef9b1aos.cloudax.dynamics.com"},"Client_ID":{"runAfter":{"FinOps_Host":["Succeeded"]},"type":"Compose","inputs":"1ba98e83-b57e-4b70-9306-9deabb9bc0e3"},"Client_Secret":{"runAfter":{"Client_ID":["Succeeded"]},"type":"Compose","inputs":"@encodeUriComponent('60?m0/9d@xS[8S?UDYJcR9-/fg3jNkU2')"},"Get_Token":{"runAfter":{"Client_Secret":["Succeeded"]},"type":"Http","inputs":{"method":"POST","uri":"https://login.windows.net/98f2ef8e-39a6-4721-a8c8-2d3dfe8ef2e7/oauth2/token?api-version=1.0","headers":{"Content-Type":"application/x-www-form-urlencoded"},"body":"grant_type=client_credentials&resource=https://@{outputs('FinOps_Host')}&client_id=@{outputs('Client_ID')}&client_secret=@{outputs('Client_Secret')}"}},"Parse_Token":{"runAfter":{"Get_Token":["Succeeded"]},"type":"ParseJson","inputs":{"content":"@body('Get_Token')","schema":{"type":"object","properties":{"token_type":{"type":"string"},"expires_in":{"type":"string"},"ext_expires_in":{"type":"string"},"expires_on":{"type":"string"},"not_before":{"type":"string"},"resource":{"type":"string"},"access_token":{"type":"string"}}}}},"Get_Azure_Write_URL":{"runAfter":{"Parse_Token":["Succeeded"]},"type":"Http","inputs":{"method":"POST","uri":"https://@{outputs('FinOps_Host')}/data/DataManagementDefinitionGroups/Microsoft.Dynamics.DataEntities.GetAzureWriteUrl","headers":{"Content-Type":"application/json;odata.metadata=minimal","Accept":"application/json;odata.metadata=minimal","Accept-Charset":"UTF-8","Authorization":"@{body('Parse_Token')?['token_type']} @{body('Parse_Token')?['access_token']}","Host":"@{outputs('FinOps_Host')}"},"body":{"uniqueFileName":"@{guid()}"}}},"Parse_Azure_Write_URL":{"runAfter":{"Get_Azure_Write_URL":["Succeeded"]},"type":"ParseJson","inputs":{"content":"@body('Get_Azure_Write_URL')['value']","schema":{"type":"object","properties":{"BlobId":{"type":"string"},"BlobUrl":{"type":"string"}}}}},"Upload_to_Azure_Blob":{"runAfter":{"Parse_Azure_Write_URL":["Succeeded"]},"type":"Http","inputs":{"method":"PUT","uri":"@body('Parse_Azure_Write_URL')?['BlobUrl']","headers":{"Overwrite":"T","x-ms-blob-type":"BlockBlob","x-ms-version":"2015-02-21"},"body":"@body('Get_Zip_Package')"}},"Import_into_FinOps":{"runAfter":{"Upload_to_Azure_Blob":["Succeeded"]},"type":"Http","inputs":{"method":"POST","uri":"https://@{outputs('FinOps_Host')}/data/DataManagementDefinitionGroups/Microsoft.Dynamics.DataEntities.ImportFromPackage","headers":{"Content-Type":"application/json;odata.metadata=minimal","Accept":"application/json;odata.metadata=minimal","Accept-Charset":"UTF-8","Authorization":"@{body('Parse_Token')?['token_type']} @{body('Parse_Token')?['access_token']}","Host":"@{outputs('FinOps_Host')}"},"body":{"packageUrl":"@{body('Parse_Azure_Write_URL')?['BlobUrl']}","definitionGroupId":"VIDA_REC","executionId":"","execute":true,"overwrite":true,"legalEntityId":"USMF"}}}},"runAfter":{"Create_Invoice_Record":["Succeeded"]},"type":"Scope"},"Post_Notification_to_Teams":{"actions":{"Build_Deep_Link_2":{"runAfter":{},"metadata":{"flowSystemMetadata":{"swaggerOperationId":"RunThis"}},"type":"ApiConnection","inputs":{"host":{"connection":{"name":"@parameters('$connections')['shared_deep-20links-5ff399534c9891d041-5fd9fa7c900e033707']['connectionId']"}},"method":"post","path":"/api/BuildDeepLink","queries":{"code":"nfQiZppBMldo7jXbiQp6aNNFua4fLpCUphgQDsB2dkwhmMTfusyLjw==","company":"USMF","menuItem":"VendInvoiceInfoListPage","dataSource":"VendInvoiceInfoTable","field":"Num","value":"@outputs('Invoice_Header')?['body/InvoiceNumber']","environmentId":"mufifed365msdemo1470e6a7a3ffef9b1aos.cloudax"},"authentication":"@parameters('$authentication')"}},"Parse_JSON_2":{"runAfter":{"Build_Deep_Link_2":["Succeeded"]},"type":"ParseJson","inputs":{"content":"@body('Build_Deep_Link_2')","schema":{"type":"object","properties":{"url":{"type":"string"}}}}},"Post_your_own_adaptive_card_as_the_Flow_bot_to_a_channel":{"runAfter":{"Parse_JSON_2":["Succeeded"]},"metadata":{"flowSystemMetadata":{"swaggerOperationId":"PostChannelAdaptiveCard"}},"type":"ApiConnection","inputs":{"host":{"connection":{"name":"@parameters('$connections')['shared_teams_1']['connectionId']"}},"method":"post","body":{"recipient":{"channelId":"19:96bc6fb007af4ba787b016a90af48904@thread.tacv2"},"messageBody":"{\n    \"type\": \"AdaptiveCard\",\n    \"body\": [\n        {\n            \"type\": \"TextBlock\",\n            \"size\": \"Medium\",\n            \"weight\": \"Bolder\",\n            \"text\": \"New Invoice Received\"\n        },\n        {\n            \"type\": \"ColumnSet\",\n            \"columns\": [\n                {\n                    \"type\": \"Column\",\n                    \"items\": [\n                        {\n                            \"type\": \"Image\",\n                            \"style\": \"Person\",\n                            \"url\": \"http://clipart-library.com/image_gallery/56779.png\",\n                            \"size\": \"Small\"\n                        }\n                    ],\n                    \"width\": \"auto\"\n                },\n                {\n                    \"type\": \"Column\",\n                    \"items\": [\n                        {\n                            \"type\": \"TextBlock\",\n                            \"weight\": \"Bolder\",\n                            \"text\": \"Contoso\",\n                            \"wrap\": true\n                        },\n                        {\n                            \"type\": \"TextBlock\",\n                            \"spacing\": \"None\",\n                            \"text\": \"Received: @{body('Convert_time_zone')}\",\n                            \"isSubtle\": true,\n                            \"wrap\": true\n                        }\n                    ],\n                    \"width\": \"stretch\"\n                }\n            ]\n        },\n        {\n            \"type\": \"FactSet\",\n            \"facts\": [\n                {\n                    \"title\": \"Invoice No:\",\n                    \"value\": \"@{outputs('Invoice')}\"\n                },\n                {\n                    \"title\": \"Total:\",\n                    \"value\": \"@{outputs('Total')}\"\n                }\n            ]\n        }\n    ],\n    \"actions\": [\n        {\n            \"type\": \"Action.OpenUrl\",\n            \"title\": \"View\",\n            \"url\": \"@{body('Parse_JSON_2')?['url']}\"\n        }\n    ],\n    \"$schema\": \"http://adaptivecards.io/schemas/adaptive-card.json\",\n    \"version\": \"1.0\"\n}"},"path":"/flowbot/actions/adaptivecard/recipienttypes/channel","queries":{"groupId":"ff63bbf3-e048-414a-9f73-66cbbb1133b4"},"authentication":"@parameters('$authentication')"}}},"runAfter":{"Convert_time_zone":["Succeeded"]},"type":"Scope"}},"runAfter":{"Find_the_Vendor_Account_from_the_Email":["Succeeded"]},"type":"Foreach","runtimeConfiguration":{"concurrency":{"repetitions":4}}},"Initialize_Forms_Model_variable":{"runAfter":{},"type":"InitializeVariable","inputs":{"variables":[{"name":"Forms Model","type":"string","value":"DEFAULT Invoice Processing Model"}]}},"Initialize_Customer_Account_variable":{"runAfter":{"Initialize_Forms_Model_variable":["Succeeded"]},"type":"InitializeVariable","inputs":{"variables":[{"name":"Vendor Account","type":"string"}]}},"Find_the_Vendor_Account_from_the_Email":{"actions":{"Find_the_Party_Contact":{"runAfter":{},"metadata":{"flowSystemMetadata":{"swaggerOperationId":"GetItems"}},"type":"ApiConnection","inputs":{"host":{"connection":{"name":"@parameters('$connections')['shared_dynamicsax_1']['connectionId']"}},"method":"get","path":"/datasets/@{encodeURIComponent(encodeURIComponent('mufifed365msdemo1470e6a7a3ffef9b1aos.cloudax.dynamics.com'))}/tables/@{encodeURIComponent(encodeURIComponent('PartyContacts'))}/items","queries":{"$filter":"Locator eq '@{triggerBody()?['from']}'"},"authentication":"@parameters('$authentication')"}},"Set_Vendor_variable":{"runAfter":{"Were_any_matching_Vendor_records_found":["Succeeded"]},"type":"SetVariable","inputs":{"name":"Vendor Account","value":"@body('Parse_the_Vendor_record')?['VendorAccountNumber']"}},"Were_any_matching_Party_Contact_records_found":{"actions":{"Get_First_Party_Contact":{"runAfter":{},"type":"Compose","inputs":"@first(body('Find_the_Party_Contact')?['value'])"},"Parse_the_Party_Contact":{"runAfter":{"Get_First_Party_Contact":["Succeeded"]},"type":"ParseJson","inputs":{"content":"@outputs('Get_First_Party_Contact')","schema":{"type":"object","properties":{"@@odata.etag":{"type":"string"},"ItemInternalId":{"type":"string"},"PartyNumber":{"type":"string"},"Type":{"type":"string"},"Description":{"type":"string"},"Locator":{"type":"string"},"IsInstantMessage":{"type":"string"},"IsMobilePhone":{"type":"string"},"CountryRegionCode":{"type":"string"},"Purpose":{"type":"string"},"LocatorExtension":{"type":"string"},"LocationId":{"type":"string"},"IsPrimary":{"type":"string"},"IsPrivate":{"type":"string"}}}}}},"runAfter":{"Find_the_Party_Contact":["Succeeded"]},"else":{"actions":{"Terminate":{"runAfter":{},"type":"Terminate","inputs":{"runStatus":"Failed","runError":{"code":"NOPARTY","message":"No matching Party Record Found"}}}}},"expression":{"greater":["@length(body('Find_the_Party_Contact')?['value'])",0]},"type":"If"},"Were_any_matching_Vendor_records_found":{"actions":{"Get_First_Vendor":{"runAfter":{},"type":"Compose","inputs":"@first(body('Find_the_Vendor')?['value'])"},"Parse_the_Vendor_record":{"runAfter":{"Get_First_Vendor":["Succeeded"]},"type":"ParseJson","inputs":{"content":"@outputs('Get_First_Vendor')","schema":{"type":"object","properties":{"@@odata.etag":{"type":"string"},"ItemInternalId":{"type":"string"},"dataAreaId":{"type":"string"},"VendorAccountNumber":{"type":"string"},"BrazilianINSSCEI":{"type":"string"},"CUSIPDetails":{"type":"string"},"IsPrimaryPhoneNumberMobile":{"type":"string"},"DefaultPurchaseOrderPoolId":{"type":"string"},"IsW9Received":{"type":"string"},"UPSFreightZone":{"type":"string"},"ElectronicLocationId":{"type":"string"},"ProductDescriptionVendorGroupId":{"type":"string"},"Tax1099IdType":{"type":"string"},"OIDInvestorType":{"type":"string"},"PANNumber":{"type":"string"},"PaymentFeeGroupId":{"type":"string"},"PersonPersonalSuffix":{"type":"string"},"InvoiceVendorAccountNumber":{"type":"string"},"IsWithholdingTaxCalculated":{"type":"string"},"IsCUSIPIdentificationNumberApplicable":{"type":"string"},"PrimaryTelex":{"type":"string"},"ISNationalRegistryNumber":{"type":"string"},"Tax1099FederalTaxId":{"type":"string"},"DIOTCountryCode":{"type":"string"},"CommercialRegisterInsetNumber":{"type":"string"},"PrimaryFaxNumberPurpose":{"type":"string"},"CISUniqueTaxPayerReference":{"type":"string"},"DUNSNumber":{"type":"string"},"PersonChildrenNames":{"type":"string"},"HasOnlyTakenBids":{"type":"string"},"IsMinorityOwned":{"type":"string"},"AddressTimeZone":{},"CreditRating":{"type":"string"},"DIOTVendorType":{"type":"string"},"PrimaryEmailAddressPurpose":{"type":"string"},"BrazilianCNPJOrCPF":{"type":"string"},"PrimaryEmailAddress":{"type":"string"},"NumberSequenceGroupId":{"type":"string"},"WithholdingTaxGroupCode":{"type":"string"},"PersonInitials":{"type":"string"},"DefaultDeliveryTermsCode":{"type":"string"},"AddressDescription":{"type":"string"},"OurAccountNumber":{"type":"string"},"AddressLocationRoles":{"type":"string"},"GTAVendor":{"type":"string"},"PersonProfessionalTitle":{"type":"string"},"CommercialRegisterName":{"type":"string"},"AddressBrazilianCNPJOrCPF":{"type":"string"},"IsForeignEntity":{"type":"string"},"PrimaryEmailAddressDescription":{"type":"string"},"ZakatRegistrationNumber":{"type":"string"},"FormattedPrimaryAddress":{"type":"string"},"Tax1099DoingBusinessAsName":{"type":"string"},"DIOTOperationType":{"type":"string"},"PersonPhoneticLastName":{"type":"string"},"IsW9CheckingEnabled":{"type":"string"},"FiscalOperationPresenceType":{"type":"string"},"AddressLongitude":{"type":"integer"},"MainContactPersonnelNumber":{"type":"string"},"SSIVendor":{"type":"string"},"PriceVendorGroupId":{"type":"string"},"CreditLimit":{"type":"integer"},"PrimaryURLPurpose":{"type":"string"},"PrimaryFaxNumberExtension":{"type":"string"},"PrimaryPhoneNumberDescription":{"type":"string"},"PrimaryFaxNumberDescription":{"type":"string"},"AddressValidFrom":{"type":"string"},"EnterpriseNumber":{"type":"string"},"CISVerificationDate":{"type":"string"},"ClearingPeriodPaymentTermsId":{"type":"string"},"Tax1099NameToUse":{"type":"string"},"PurchaseWorkCalendarId":{"type":"string"},"PrimaryTwitter":{"type":"string"},"VendorInvoiceLineMatchingPolicy":{"type":"string"},"VendorSearchName":{"type":"string"},"VendorHoldReleaseDate":{"type":"string"},"BrazilianCCM":{"type":"string"},"WillReceiptsListProcessingSummaryUpdatePurchaseOrder":{"type":"string"},"TDSGroup":{"type":"string"},"AddressCountryRegionISOCode":{"type":"string"},"CompanyChainName":{"type":"string"},"ZakatServiceType":{"type":"string"},"VendorPaymentFineCode":{"type":"string"},"CashDiscountCode":{"type":"string"},"DefaultInventoryStatusId":{"type":"string"},"PrimaryFacebookPurpose":{"type":"string"},"MultilineDiscountVendorGroupCode":{"type":"string"},"CISVerificationNumber":{"type":"string"},"AddressLocationId":{"type":"string"},"PrimaryLinkedInDescription":{"type":"string"},"PrimaryContactPersonId":{"type":"string"},"PrimaryTwitterPurpose":{"type":"string"},"VendorGroupId":{"type":"string"},"PersonBirthMonth":{"type":"string"},"SalesTaxGroupCode":{"type":"string"},"PersonPhoneticFirstName":{"type":"string"},"PrimaryPhoneNumberPurpose":{"type":"string"},"PANStatus":{"type":"string"},"BrazilianNIT":{"type":"string"},"IsSmallBusiness":{"type":"string"},"AddressCountyId":{"type":"string"},"PrimaryTelexPurpose":{"type":"string"},"IsFlaggedWithSecondTIN":{"type":"string"},"PrimaryURL":{"type":"string"},"NAFCode":{"type":"string"},"OIDNomineeDetails":{"type":"string"},"OnHoldStatus":{"type":"string"},"PersonAnniversaryYear":{"type":"integer"},"PrimaryPhoneNumberExtension":{"type":"string"},"ForeignerId":{"type":"string"},"PrimaryFacebook":{"type":"string"},"WillProductReceiptProcessingSummaryUpdatePurchaseOrder":{"type":"string"},"VendorPriceToleranceGroupId":{"type":"string"},"BusinessSubsegmentCode":{"type":"string"},"PersonPhoneticMiddleName":{"type":"string"},"VendorPartyNumber":{"type":"string"},"IsIncomingFiscalDocumentGenerated":{"type":"string"},"Notes":{"type":"string"},"AddressCity":{"type":"string"},"IsVendorPayingBankPaymentFee":{"type":"string"},"IsOneTimeVendor":{"type":"string"},"FiscalDocumentIncomeCode":{"type":"string"},"PrimaryFacebookDescription":{"type":"string"},"DefaultPaymentTermsName":{"type":"string"},"PaymentSpecificationId":{"type":"string"},"DefaultVendorPaymentMethodName":{"type":"string"},"AddressZipCode":{"type":"string"},"AddressBooks":{"type":"string"},"StateInscription":{"type":"string"},"DefaultPurchaseSiteId":{"type":"string"},"PaymentTransactionCode":{"type":"string"},"IsVendorLocatedInHUBZone":{"type":"string"},"DestinationCode":{"type":"string"},"EthnicOriginId":{"type":"string"},"OrganizationNumber":{"type":"string"},"VendorPaymentFinancialInterestCode":{"type":"string"},"PersonHobbies":{"type":"string"},"OrganizationABCCode":{"type":"string"},"OrganizationEmployeeAmount":{"type":"integer"},"PrimaryTelexDescription":{"type":"string"},"ForeignVendor":{"type":"string"},"NatureOfAssessee":{"type":"string"},"DefaultCashDiscountUsage":{"type":"string"},"SSIValidityDate":{"type":"string"},"UniquePopulationRegistryCode":{"type":"string"},"DefaultSupplementaryProductVendorGroupId":{"type":"string"},"DefaultDeliveryModeId":{"type":"string"},"AddressBrazilianIE":{"type":"string"},"BrazilianIE":{"type":"string"},"PrimaryFaxNumber":{"type":"string"},"IsICMSContributor":{"type":"string"},"PrimaryLinkedIn":{"type":"string"},"CISStatus":{"type":"string"},"ArePricesIncludingSalesTax":{"type":"string"},"PersonBirthYear":{"type":"integer"},"AddressLatitude":{"type":"integer"},"NameControl":{"type":"string"},"Tax1099BoxId":{"type":"string"},"IsReportingTax1099":{"type":"string"},"LineDiscountVendorGroupCode":{"type":"string"},"PaymentId":{"type":"string"},"BrazilianCNAE":{"type":"string"},"TCSGroup":{"type":"string"},"CompanyType":{"type":"string"},"Tax1099Type":{},"AddressStreet":{"type":"string"},"BirthCountyCode":{"type":"string"},"WillInvoiceProcessingSummaryUpdatePurchaseOrder":{"type":"string"},"PersonProfessionalSuffix":{"type":"string"},"LineOfBusinessId":{"type":"string"},"SiretNumber":{"type":"string"},"WillPurchaseOrderIncludePricesAndAmounts":{"type":"string"},"PersonAnniversaryMonth":{"type":"string"},"FactoringVendorAccountNumber":{"type":"string"},"PrimaryURLDescription":{"type":"string"},"IsChangeMangementOverrideByVendorAllowed":{"type":"string"},"WithholdingTaxVendorType":{"type":"string"},"PreferentialVendor":{"type":"string"},"WillPurchaseOrderProcessingSummaryUpdatePurchaseOrder":{"type":"string"},"DefaultPaymentScheduleName":{"type":"string"},"IsVendorLocallyOwned":{"type":"string"},"DefaultPaymentDayName":{"type":"string"},"Nationality":{"type":"string"},"NationalRegistryNumberId":{"type":"string"},"VendorName":{"type":"string"},"PrimaryLinkedInPurpose":{"type":"string"},"DefaultOffsetLedgerAccountDisplayValue":{"type":"string"},"IsChangeManagementActivated":{"type":"string"},"VendorKnownAsName":{"type":"string"},"IsServiceVeteranOwned":{"type":"string"},"PrimaryPhoneNumber":{"type":"string"},"PersonMaritalStatus":{"type":"string"},"VendorInvoiceDeclarationId":{"type":"string"},"VendorPartyType":{"type":"string"},"PurchaseRebateVendorGroupId":{"type":"string"},"ChargeVendorGroupId":{"type":"string"},"PersonPersonalTitle":{"type":"string"},"BankAccountId":{"type":"string"},"AddressCountryRegionId":{"type":"string"},"IsWomanOwner":{"type":"string"},"AddressDistrictName":{"type":"string"},"OrganizationPhoneticName":{"type":"string"},"ForeignVendorTaxRegistrationId":{"type":"string"},"CompositionScheme":{"type":"string"},"CUSIPIdentificationNumber":{"type":"string"},"LanguageId":{"type":"string"},"IsServiceDeliveryAddressBased":{"type":"string"},"IsOwnerDisabled":{"type":"string"},"IsSubcontractor":{"type":"string"},"BusinessSegmentCode":{"type":"string"},"CISNationalInsuranceNumber":{"type":"string"},"CommercialRegisterSection":{"type":"string"},"IsPurchaseConsumed":{"type":"string"},"PersonBirthDay":{"type":"integer"},"PersonAnniversaryDay":{"type":"integer"},"CISCompanyRegistrationNumber":{"type":"string"},"VendorExceptionGroupId":{"type":"string"},"AddressStateId":{"type":"string"},"TaxExemptNumber":{"type":"string"},"DefaultOffsetAccountType":{"type":"string"},"BirthPlace":{"type":"string"},"CurrencyCode":{"type":"string"},"ResidenceForeignCountryRegionId":{"type":"string"},"PersonGender":{"type":"string"},"DefaultProcumentWarehouseId":{"type":"string"},"CentralBankPurposeCode":{"type":"string"},"DefaultLedgerDimensionDisplayValue":{"type":"string"},"IsPrimaryEmailAddressIMEnabled":{"type":"string"},"FiscalCode":{"type":"string"},"PurchaseOrderConsolidationDayOfMonth":{"type":"integer"},"DefaultTotalDiscountVendorGroupCode":{"type":"string"},"IsPurchaseOrderChangeRequestOverrideAllowed":{"type":"string"},"ZakatFileNumber":{"type":"string"},"BuyerGroupId":{"type":"string"},"VendorPortalCollaborationMethod":{"type":"string"},"PANReferenceNumber":{"type":"string"},"PrimaryTwitterDescription":{"type":"string"},"CentralBankPurposeText":{"type":"string"},"AddressValidTo":{"type":"string"},"RFCFederalTaxNumber":{"type":"string"}}}}}},"runAfter":{"Find_the_Vendor":["Succeeded"]},"else":{"actions":{"Terminate_2":{"runAfter":{},"type":"Terminate","inputs":{"runStatus":"Failed","runError":{"code":"NOVENDOR","message":"No matching Vendor record found"}}}}},"expression":{"greater":["@length(body('Find_the_Vendor')?['value'])",0]},"type":"If"},"Find_the_Vendor":{"runAfter":{"Were_any_matching_Party_Contact_records_found":["Succeeded"]},"metadata":{"flowSystemMetadata":{"swaggerOperationId":"GetItems"}},"type":"ApiConnection","inputs":{"host":{"connection":{"name":"@parameters('$connections')['shared_dynamicsax_1']['connectionId']"}},"method":"get","path":"/datasets/@{encodeURIComponent(encodeURIComponent('mufifed365msdemo1470e6a7a3ffef9b1aos.cloudax.dynamics.com'))}/tables/@{encodeURIComponent(encodeURIComponent('Vendors'))}/items","queries":{"$filter":"VendorPartyNumber eq '@{body('Parse_the_Party_Contact')?['PartyNumber']}'"},"authentication":"@parameters('$authentication')"}},"Set_variable":{"runAfter":{"Set_Vendor_variable":["Succeeded"]},"type":"SetVariable","inputs":{"name":"Forms Model","value":"@{variables('Vendor Account')} Invoice Processing Model"}}},"runAfter":{"Initialize_Customer_Account_variable":["Succeeded"]},"type":"Scope"}},"outputs":{}}},"schemaVersion":"1.0.0.0"}