{"properties":{"connectionReferences":{"shared_teams_1":{"runtimeSource":"embedded","connection":{},"api":{"name":"shared_teams"}},"shared_office365_1":{"runtimeSource":"embedded","connection":{},"api":{"name":"shared_office365"}},"shared_office365":{"runtimeSource":"embedded","connection":{},"api":{"name":"shared_office365"}},"shared_commondataserviceforapps_1":{"impersonation":{},"runtimeSource":"embedded","connection":{},"api":{"name":"shared_commondataserviceforapps"}},"shared_dynamicsax_1":{"runtimeSource":"embedded","connection":{},"api":{"name":"shared_dynamicsax"}}},"definition":{"$schema":"https://schema.management.azure.com/providers/Microsoft.Logic/schemas/2016-06-01/workflowdefinition.json#","contentVersion":"1.0.0.0","parameters":{"$connections":{"defaultValue":{},"type":"Object"},"$authentication":{"defaultValue":{},"type":"SecureObject"}},"triggers":{"When_a_new_email_arrives_in_a_shared_mailbox_(V2)":{"recurrence":{"frequency":"Minute","interval":1},"splitOn":"@triggerBody()?['value']","metadata":{"flowSystemMetadata":{"swaggerOperationId":"SharedMailboxOnNewEmailV2"}},"type":"ApiConnection","inputs":{"host":{"connection":{"name":"@parameters('$connections')['shared_office365']['connectionId']"}},"method":"get","path":"/v2/SharedMailbox/Mail/OnNewEmail","queries":{"mailboxAddress":"vendorinvoices@MSD365demo1.onmicrosoft.com;","folderId":"Inbox","importance":"Any","hasAttachments":true,"includeAttachments":true},"authentication":"@parameters('$authentication')"}}},"actions":{"Apply_to_each":{"foreach":"@triggerBody()?['attachments']","actions":{"Predict":{"runAfter":{"PDF_File":["Succeeded"]},"type":"OpenApiConnection","inputs":{"host":{"apiId":"/providers/Microsoft.PowerApps/apis/shared_commondataserviceforapps","connectionName":"shared_commondataserviceforapps_1","operationId":"Predict"},"parameters":{"modelId":"ae1d715e-8d84-48c7-95fd-14e0feebdd19","item/request":"{ \"base64Encoded\": \"@{outputs('Base64')}\", \"mimeType\": \"@{items('Apply_to_each')?['ContentType']}\"}"},"authentication":"@parameters('$authentication')"}},"Response":{"runAfter":{"Predict":["Succeeded"]},"type":"Compose","inputs":"@outputs('Predict')?['body/response']"},"Parse_JSON":{"runAfter":{"Response":["Succeeded"]},"type":"ParseJson","inputs":{"content":"@outputs('Response')","schema":{"type":"object","properties":{"predictionOutput":{"type":"object","properties":{"labels":{"type":"object","properties":{"Date":{"type":"object","properties":{"value":{"type":"string"},"keyLocation":{"type":"object","properties":{"pageNumber":{"type":"integer"},"boundingBox":{"type":"object","properties":{"left":{"type":"number"},"top":{"type":"number"},"width":{"type":"number"},"height":{"type":"number"}}}}},"valueLocation":{"type":"object","properties":{"pageNumber":{"type":"integer"},"boundingBox":{"type":"object","properties":{"left":{"type":"number"},"top":{"type":"number"},"width":{"type":"number"},"height":{"type":"number"}}}}},"confidence":{"type":"number"}}},"INVOICE":{"type":"object","properties":{"value":{"type":"string"},"keyLocation":{"type":"object","properties":{"pageNumber":{"type":"integer"},"boundingBox":{"type":"object","properties":{"left":{"type":"number"},"top":{"type":"number"},"width":{"type":"number"},"height":{"type":"number"}}}}},"valueLocation":{"type":"object","properties":{"pageNumber":{"type":"integer"},"boundingBox":{"type":"object","properties":{"left":{"type":"number"},"top":{"type":"number"},"width":{"type":"number"},"height":{"type":"number"}}}}},"confidence":{"type":"number"}}},"Due on receipt":{"type":"object","properties":{"value":{"type":"string"},"keyLocation":{"type":"object","properties":{"pageNumber":{"type":"integer"},"boundingBox":{"type":"object","properties":{"left":{"type":"number"},"top":{"type":"number"},"width":{"type":"number"},"height":{"type":"number"}}}}},"valueLocation":{"type":"object","properties":{"pageNumber":{"type":"integer"},"boundingBox":{"type":"object","properties":{"left":{"type":"number"},"top":{"type":"number"},"width":{"type":"number"},"height":{"type":"number"}}}}},"confidence":{"type":"number"}}},"Subtotal":{"type":"object","properties":{"value":{"type":"string"},"keyLocation":{"type":"object","properties":{"pageNumber":{"type":"integer"},"boundingBox":{"type":"object","properties":{"left":{"type":"number"},"top":{"type":"number"},"width":{"type":"number"},"height":{"type":"number"}}}}},"valueLocation":{"type":"object","properties":{"pageNumber":{"type":"integer"},"boundingBox":{"type":"object","properties":{"left":{"type":"number"},"top":{"type":"number"},"width":{"type":"number"},"height":{"type":"number"}}}}},"confidence":{"type":"number"}}},"GST":{"type":"object","properties":{"value":{"type":"string"},"keyLocation":{"type":"object","properties":{"pageNumber":{"type":"integer"},"boundingBox":{"type":"object","properties":{"left":{"type":"number"},"top":{"type":"number"},"width":{"type":"number"},"height":{"type":"number"}}}}},"valueLocation":{"type":"object","properties":{"pageNumber":{"type":"integer"},"boundingBox":{"type":"object","properties":{"left":{"type":"number"},"top":{"type":"number"},"width":{"type":"number"},"height":{"type":"number"}}}}},"confidence":{"type":"number"}}},"Total":{"type":"object","properties":{"value":{"type":"string"},"keyLocation":{"type":"object","properties":{"pageNumber":{"type":"integer"},"boundingBox":{"type":"object","properties":{"left":{"type":"number"},"top":{"type":"number"},"width":{"type":"number"},"height":{"type":"number"}}}}},"valueLocation":{"type":"object","properties":{"pageNumber":{"type":"integer"},"boundingBox":{"type":"object","properties":{"left":{"type":"number"},"top":{"type":"number"},"width":{"type":"number"},"height":{"type":"number"}}}}},"confidence":{"type":"number"}}}}},"tables":{"type":"object","properties":{"table_0":{"type":"object","properties":{"columns":{"type":"array","items":{"type":"object","properties":{"name":{"type":"string"},"location":{"type":"object","properties":{"pageNumber":{"type":"integer"},"boundingBox":{"type":"object","properties":{"left":{"type":"number"},"top":{"type":"number"},"width":{"type":"number"},"height":{"type":"number"}}}}}},"required":["name","location"]}},"entries":{"type":"array","items":{"type":"object","properties":{"Code":{"type":"object","properties":{"value":{"type":"string"},"location":{"type":"object","properties":{"pageNumber":{"type":"integer"},"boundingBox":{"type":"object","properties":{"left":{"type":"number"},"top":{"type":"number"},"width":{"type":"number"},"height":{"type":"number"}}}}},"confidence":{"type":"number"}}},"Qty":{"type":"object","properties":{"value":{"type":"string"},"location":{"type":"object","properties":{"pageNumber":{"type":"integer"},"boundingBox":{"type":"object","properties":{"left":{"type":"number"},"top":{"type":"number"},"width":{"type":"number"},"height":{"type":"number"}}}}},"confidence":{"type":"number"}}},"Description":{"type":"object","properties":{"value":{"type":"string"},"location":{"type":"object","properties":{"pageNumber":{"type":"integer"},"boundingBox":{"type":"object","properties":{"left":{"type":"number"},"top":{"type":"number"},"width":{"type":"number"},"height":{"type":"number"}}}}},"confidence":{"type":"number"}}},"Unit Price":{"type":"object","properties":{"value":{"type":"string"},"location":{"type":"object","properties":{"pageNumber":{"type":"integer"},"boundingBox":{"type":"object","properties":{"left":{"type":"number"},"top":{"type":"number"},"width":{"type":"number"},"height":{"type":"number"}}}}},"confidence":{"type":"number"}}},"Line Total":{"type":"object","properties":{"value":{"type":"string"},"location":{"type":"object","properties":{"pageNumber":{"type":"integer"},"boundingBox":{"type":"object","properties":{"left":{"type":"number"},"top":{"type":"number"},"width":{"type":"number"},"height":{"type":"number"}}}}},"confidence":{"type":"number"}}}},"required":["Code","Qty","Description","Unit Price","Line Total"]}}}}}}}},"operationStatus":{"type":"string"},"error":{}}}}},"Invoice":{"runAfter":{"Parse_JSON":["Succeeded"]},"type":"Compose","inputs":"@body('Parse_JSON')?['predictionOutput']?['labels']?['INVOICE']?['value']","description":"body('Parse_JSON')?['predictionOutput']?['labels']?['INVOICE']?['value']"},"Invoice_Header":{"runAfter":{"Invoice_DueDate":["Succeeded"]},"type":"OpenApiConnection","inputs":{"host":{"apiId":"/providers/Microsoft.PowerApps/apis/shared_dynamicsax","connectionName":"shared_dynamicsax_1","operationId":"PostItem"},"parameters":{"dataset":"mufifed365msdemo1470e6a7a3ffef9b1aos.cloudax.dynamics.com","table":"VendorInvoiceHeaders","item/HeaderReference":"@outputs('Invoice')","item/InvoiceNumber":"@outputs('Invoice')","item/InvoiceAccount":"CDW","item/Currency":"USD","item/dataAreaId":"usmf","item/GSTInvoiceType":"Invoice"},"authentication":"@parameters('$authentication')"}},"Line_Items":{"foreach":"@body('Parse_JSON')?['predictionOutput']?['tables']?['table_0']?['entries']","actions":{"Create_record":{"runAfter":{"Quantity":["Succeeded"]},"type":"OpenApiConnection","inputs":{"host":{"apiId":"/providers/Microsoft.PowerApps/apis/shared_dynamicsax","connectionName":"shared_dynamicsax_1","operationId":"PostItem"},"parameters":{"dataset":"mufifed365msdemo1470e6a7a3ffef9b1aos.cloudax.dynamics.com","table":"VendorInvoiceLines","item/HeaderReference":"@outputs('Invoice')","item/dataAreaId":"usmf","item/PriceUnit":1,"item/UnitPrice":"@outputs('Unit')","item/ItemNumber":"@outputs('Item_Code')","item/Ordering":"None","item/ReleaseAllRetainedAmount":"Yes","item/Unit":"ea","item/LineType":"Standard","item/ReceiveNow":"@outputs('Quantity')","item/Currency":"AUD"},"authentication":"@parameters('$authentication')"}},"Line_Amount":{"runAfter":{},"type":"Compose","inputs":"@items('Line_Items')?['Line Total']?['value']","description":"float(replace(items('Line_Items')?['Line Total']?['value'], '$', '))"},"Item_Code":{"runAfter":{"Line_Amount":["Succeeded"]},"type":"Compose","inputs":"@items('Line_Items')?['Code']?['value']","description":"items('Line_Items')?['Code']?['value']"},"Quantity":{"runAfter":{"Unit":["Succeeded"]},"type":"Compose","inputs":"@int(items('Line_Items')?['Qty']?['value'])","description":"int(items('Line_Items')?['Qty']?['value'])"},"Unit":{"runAfter":{"Item_Code":["Succeeded"]},"type":"Compose","inputs":"@items('Line_Items')?['Unit Price']?['value']","description":"float(replace(items('Line_Items')?['Unit Price']?['value'],'$','))"}},"runAfter":{"Invoice_Header":["Succeeded"]},"type":"Foreach"},"Invoice_Date":{"runAfter":{"Invoice":["Succeeded"]},"type":"Compose","inputs":"@body('Parse_JSON')?['predictionOutput']?['labels']?['Date']?['value']","description":"body('Parse_JSON')?['predictionOutput']?['labels']?['Date']?['value']"},"Invoice_DueDate":{"runAfter":{"Total":["Succeeded"]},"type":"Compose","inputs":"@body('Parse_JSON')?['predictionOutput']?['labels']?['Due on receipt']?['value']","description":"body('Parse_JSON')?['predictionOutput']?['labels']?['Due on receipt']?['value']"},"Base64":{"runAfter":{},"type":"Compose","inputs":"@string(items('Apply_to_each')['ContentBytes'])","description":"Get Base64 string of the attachment"},"Get_Zip_Package":{"runAfter":{"Invoice_DueDate":["Succeeded"]},"type":"Http","inputs":{"method":"POST","uri":"https://mufifeapinvoiceautomation.azurewebsites.net/api/processpackage?invoice=@{outputs('Invoice')}","body":"@base64ToBinary(outputs('Base64'))"}},"PDF_File":{"runAfter":{"Base64":["Succeeded"]},"type":"Compose","inputs":"@outputs('Base64')"},"Get_Token":{"runAfter":{"Client_Secret":["Succeeded"]},"type":"Http","inputs":{"method":"POST","uri":"https://login.windows.net/98f2ef8e-39a6-4721-a8c8-2d3dfe8ef2e7/oauth2/token?api-version=1.0","headers":{"Content-Type":"application/x-www-form-urlencoded"},"body":"grant_type=client_credentials&resource=https://@{outputs('FinOps_Host')}&client_id=@{outputs('Client_ID')}&client_secret=@{outputs('Client_Secret')}"}},"FinOps_Host":{"runAfter":{"Line_Items":["Succeeded"],"Send_an_email_(V2)":["Succeeded"]},"type":"Compose","inputs":"mufifed365msdemo1470e6a7a3ffef9b1aos.cloudax.dynamics.com"},"Client_ID":{"runAfter":{"FinOps_Host":["Succeeded"]},"type":"Compose","inputs":"1ba98e83-b57e-4b70-9306-9deabb9bc0e3"},"Client_Secret":{"runAfter":{"Client_ID":["Succeeded"]},"type":"Compose","inputs":"@encodeUriComponent('60?m0/9d@xS[8S?UDYJcR9-/fg3jNkU2')"},"Parse_Token":{"runAfter":{"Get_Token":["Succeeded"]},"type":"ParseJson","inputs":{"content":"@body('Get_Token')","schema":{"type":"object","properties":{"token_type":{"type":"string"},"expires_in":{"type":"string"},"ext_expires_in":{"type":"string"},"expires_on":{"type":"string"},"not_before":{"type":"string"},"resource":{"type":"string"},"access_token":{"type":"string"}}}}},"Get_Azure_Write_URL":{"runAfter":{"Parse_Token":["Succeeded"]},"type":"Http","inputs":{"method":"POST","uri":"https://@{outputs('FinOps_Host')}/data/DataManagementDefinitionGroups/Microsoft.Dynamics.DataEntities.GetAzureWriteUrl","headers":{"Content-Type":"application/json;odata.metadata=minimal","Accept":"application/json;odata.metadata=minimal","Accept-Charset":"UTF-8","Authorization":"@{body('Parse_Token')?['token_type']} @{body('Parse_Token')?['access_token']}","Host":"@{outputs('FinOps_Host')}"},"body":{"uniqueFileName":"@{guid()}"}}},"Parse_Azure_Write_URL":{"runAfter":{"Get_Azure_Write_URL":["Succeeded"]},"type":"ParseJson","inputs":{"content":"@body('Get_Azure_Write_URL')['value']","schema":{"type":"object","properties":{"BlobId":{"type":"string"},"BlobUrl":{"type":"string"}}}}},"Upload_to_Azure_Blob":{"runAfter":{"Parse_Azure_Write_URL":["Succeeded"]},"type":"Http","inputs":{"method":"PUT","uri":"@body('Parse_Azure_Write_URL')?['BlobUrl']","headers":{"Overwrite":"T","x-ms-blob-type":"BlockBlob","x-ms-version":"2015-02-21"},"body":"@body('Get_Zip_Package')"}},"Import_into_FinOps":{"runAfter":{"Upload_to_Azure_Blob":["Succeeded"]},"type":"Http","inputs":{"method":"POST","uri":"https://@{outputs('FinOps_Host')}/data/DataManagementDefinitionGroups/Microsoft.Dynamics.DataEntities.ImportFromPackage","headers":{"Content-Type":"application/json;odata.metadata=minimal","Accept":"application/json;odata.metadata=minimal","Accept-Charset":"UTF-8","Authorization":"@{body('Parse_Token')?['token_type']} @{body('Parse_Token')?['access_token']}","Host":"@{outputs('FinOps_Host')}"},"body":{"packageUrl":"@{body('Parse_Azure_Write_URL')?['BlobUrl']}","definitionGroupId":"VIDA_REC","executionId":"","execute":true,"overwrite":true,"legalEntityId":"USMF"}}},"Post_your_own_adaptive_card_as_the_Flow_bot_to_a_channel":{"runAfter":{"HTTP":["Succeeded"]},"metadata":{"flowSystemMetadata":{"swaggerOperationId":"PostChannelAdaptiveCard"}},"type":"ApiConnection","inputs":{"host":{"connection":{"name":"@parameters('$connections')['shared_teams_1']['connectionId']"}},"method":"post","body":{"recipient":{"channelId":"19:96bc6fb007af4ba787b016a90af48904@thread.tacv2"},"messageBody":"{\n    \"type\": \"AdaptiveCard\",\n    \"body\": [\n        {\n            \"type\": \"TextBlock\",\n            \"size\": \"Medium\",\n            \"weight\": \"Bolder\",\n            \"text\": \"New Invoice Received\"\n        },\n        {\n            \"type\": \"ColumnSet\",\n            \"columns\": [\n                {\n                    \"type\": \"Column\",\n                    \"items\": [\n                        {\n                            \"type\": \"Image\",\n                            \"style\": \"Person\",\n                            \"url\": \"http://clipart-library.com/image_gallery/56779.png\",\n                            \"size\": \"Small\"\n                        }\n                    ],\n                    \"width\": \"auto\"\n                },\n                {\n                    \"type\": \"Column\",\n                    \"items\": [\n                        {\n                            \"type\": \"TextBlock\",\n                            \"weight\": \"Bolder\",\n                            \"text\": \"Contoso\",\n                            \"wrap\": true\n                        },\n                        {\n                            \"type\": \"TextBlock\",\n                            \"spacing\": \"None\",\n                            \"text\": \"Received: @{body('Convert_time_zone')}\",\n                            \"isSubtle\": true,\n                            \"wrap\": true\n                        }\n                    ],\n                    \"width\": \"stretch\"\n                }\n            ]\n        },\n        {\n            \"type\": \"FactSet\",\n            \"facts\": [\n                {\n                    \"title\": \"Invoice No:\",\n                    \"value\": \"@{outputs('Invoice')}\"\n                },\n                {\n                    \"title\": \"Total:\",\n                    \"value\": \"@{outputs('Total')}\"\n                }\n            ]\n        }\n    ],\n    \"actions\": [\n        {\n            \"type\": \"Action.OpenUrl\",\n            \"title\": \"View\",\n            \"url\": \"@{body('HTTP')}\"\n        }\n    ],\n    \"$schema\": \"http://adaptivecards.io/schemas/adaptive-card.json\",\n    \"version\": \"1.0\"\n}"},"path":"/flowbot/actions/adaptivecard/recipienttypes/channel","queries":{"groupId":"ff63bbf3-e048-414a-9f73-66cbbb1133b4"},"authentication":"@parameters('$authentication')"}},"Convert_time_zone":{"runAfter":{"Import_into_FinOps":["Succeeded"]},"type":"Expression","kind":"ConvertTimeZone","inputs":{"baseTime":"@{utcNow()}","formatString":"D","sourceTimeZone":"UTC","destinationTimeZone":"AUS Eastern Standard Time"}},"Total":{"runAfter":{"Invoice_Date":["Succeeded"]},"type":"Compose","inputs":"@body('Parse_JSON')?['predictionOutput']?['labels']?['Total']?['value']","description":"body('Parse_JSON')?['predictionOutput']?['labels']?['Total']?['value']"},"Send_an_email_(V2)":{"runAfter":{"Get_Zip_Package":["Succeeded"]},"metadata":{"flowSystemMetadata":{"swaggerOperationId":"SendEmailV2"}},"type":"ApiConnection","inputs":{"host":{"connection":{"name":"@parameters('$connections')['shared_office365_1']['connectionId']"}},"method":"post","body":{"To":"root@MSD365demo1.onmicrosoft.com","Subject":"test","Body":"<p>test</p>","Attachments":[{"Name":"package.zip","ContentBytes":"@{base64(body('Get_Zip_Package'))}"}]},"path":"/v2/Mail","authentication":"@parameters('$authentication')"}},"HTTP":{"runAfter":{"Convert_time_zone":["Succeeded"]},"type":"Http","inputs":{"method":"POST","uri":"https://mufifed365msdemo1470e6a7a3ffef9b1aos.cloudax.dynamics.com/api/services/rkDeeplinksServiceGroup/rkDeepLinksService/getDeepLink","body":{"_company":"USMF","_menuItem":"VendInvoiceInfoListPage","_dataSource":"VendInvoiceInfoTable","_field":"Num","_value":"@{outputs('Invoice_Header')?['body/InvoiceNumber']}"},"authentication":{"type":"ActiveDirectoryOAuth","tenant":"msd365demo1.onmicrosoft.com","audience":"https://mufifed365msdemo1470e6a7a3ffef9b1aos.cloudax.dynamics.com","clientId":"1ba98e83-b57e-4b70-9306-9deabb9bc0e3","secret":"60?m0/9d@xS[8S?UDYJcR9-/fg3jNkU2"}}}},"runAfter":{},"type":"Foreach","runtimeConfiguration":{"concurrency":{"repetitions":4}}}},"outputs":{}}},"schemaVersion":"1.0.0.0"}